id,x,y,z,name,type,resid,resname
0,20.88928782,-19.08359177,-7.21597201,A1,1,1,ACT
1,16.89831124,-8.35809556,15.93743801,A2,2,1,ACT
2,-3.00525983,-14.7364626,-15.83050081,A3,3,1,ACT
3,-12.01906482,-13.86014117,7.10424905,A4,4,1,ACT
4,39.617373,44.391434,-18.813477,A5,5,2,ACT
5,7.941083,59.258174,-20.357053,A6,6,2,ACT
6,5.822215,35.821812,-15.461388,A7,7,2,ACT
0,39.61737250186253,44.39143447072118,-18.813477444318096,Cc,9,2,CAM
1,7.941082548990114,59.25817400732427,-20.357052626127825,C01,10,2,CAM
2,22.795173360075335,57.32334596692354,9.053546656115486,C02,10,2,CAM
3,55.59908096500507,54.12333720530961,10.795055833759989,C03,10,2,CAM
4,73.54880398551016,52.85805533482596,-16.873874252985274,C04,10,2,CAM
5,58.694686386021274,54.792908160201875,-46.284418457789,C05,10,2,CAM
6,25.890902314806446,57.99296868612748,-48.025995906716616,C06,10,2,CAM
7,5.822215262593128,35.82181181808025,-15.461388340561257,C07,10,2,CAM
8,25.170395718817183,33.499678789492265,11.177237336291455,C08,10,2,CAM
9,57.83804349157883,30.4025782167532,7.62723817776191,C09,10,2,CAM
10,71.15744162950702,29.627670113577125,-22.56159503473384,C10,10,2,CAM
11,51.809139215132916,31.94981571541274,-49.20031068803303,C11,10,2,CAM
12,19.141505144313005,35.04686963462612,-45.650172028801194,C12,10,2,CAM
13,15.43221672261894,46.47575264545508,-3.896914243570535,Cx1,8,2,CAM
14,64.53584251790028,41.752910217616474,-5.253293819049304,Cx2,8,2,CAM
15,38.88405826506841,44.945640549092055,-47.29022427033496,Cx3,8,2,CAM
